{"positive": [[4.231445963663989, 0.0826667845249176, 67.8], [1.5858280467949666, 0.5, 3.9], [4.329636247471958, 0.5, 74.9], [4.820281565605037, 0.12857374548912048, 123.0], [4.380149874661021, 0.5, 78.8], [4.509760001183433, 0.7351445853710175, 89.9], [4.2759714333333765, 0.5, 71.0], [4.586666714423532, 0.5, 97.2], [4.535105311539804, 0.28855402767658234, 92.2], [4.070450242022664, 0.2583538442850113, 57.6], [4.490133375999733, 0.5, 88.1], [4.5081084731449605, 0.715737596154213, 89.8], [0.8544153281560676, 0.12815189361572266, 1.4], [1.6613976513648114, 0.31185339391231537, 4.3], [4.089890211872721, 0.5, 58.7], [3.5515312629627127, 0.5, 33.9], [4.254429977569173, 0.2637125998735428, 69.4], [4.508292111011604, 0.5, 89.8], [4.222688914270302, 0.5, 67.2], [3.992988364251251, 0.5, 53.2], [1.8588987720656835, 0.0826667845249176, 5.4], [4.702901674481427, 0.0826667845249176, 109.3], [4.556679976827657, 0.28611527383327484, 94.3], [1.7047480922384253, 0.5, 4.5], [3.644143560272545, 0.12833362817764282, 37.2], [4.119037174812473, 0.8593196272850037, 60.5], [1.3261904370501851, 0.5, 2.8], [6.926626099732388, 0.7748892307281494, 1018.0], [4.190159665036395, 0.0826667845249176, 65.0], [4.290002715860708, 0.5, 72.0], [2.5764217586237734, 0.28642015159130096, 12.2], [4.630512993659886, 0.5, 101.6], [3.9331319686383814, 0.27554672956466675, 50.1], [3.694695839435376, 0.0826667845249176, 39.2], [4.3679699676841475, 0.5, 77.9], [4.246350085702971, 0.5, 68.8], [5.060588802482344, 0.5, 156.7], [4.675783965316083, 0.5, 106.3], [4.607334508817468, 0.5, 99.2], [2.976379545038176, 0.5, 18.6], [4.709830456531524, 0.3068428486585617, 110.0], [2.8203863304964614, 0.5, 15.8], [5.116095804754416, 0.5, 165.7], [4.592928899565737, 0.7554689645767212, 97.8], [4.873796851904713, 0.890972375869751, 129.8], [2.4437952615455694, 0.5, 10.5], [4.4526015873434845, 0.7203172445297241, 84.8], [0.1683353148192147, 0.5, 0.2], [4.738534898055515, 0.6992433667182922, 113.3], [3.460513958818575, 0.5, 30.8]], "negative": [[2.7860395199639045, 0.5, 15.2], [3.7376696182833684, 0.03171256184577942, 41.0], [4.123363844623205, 0.2537907809019089, 60.8], [3.607307800420125, 0.5, 35.9], [4.747103681876758, 0.22554153203964233, 114.2], [3.992988364251251, 0.5, 53.2], [2.93651291389402, 0.2515435218811035, 17.9], [4.315040676559831, 0.5, 73.8], [4.241326752570746, 0.16611409187316895, 68.5], [3.983413001514819, 0.1984442174434662, 52.7], [4.048591448210166, 0.29427866637706757, 56.3], [6.185488199848339, 0.5, 484.6], [4.640698192047237, 0.5, 102.6], [4.335982696172475, 0.5, 75.4], [3.711944727044932, 0.24908316135406494, 39.9], [3.114255775738098, 0.5, 21.5], [4.142870141127388, 0.18438610434532166, 62.0], [3.4914442595099335, 0.7391055524349213, 31.8], [3.953484795235741, 0.5, 51.1], [3.768152635008444, 0.5, 42.3], [2.345005808877998, 0.7627533376216888, 9.4], [4.0115666357644075, 0.2893616110086441, 54.2], [5.970836579312015, 0.5, 390.8], [1.66455721165518, 0.5, 4.3], [3.6682514863179687, 0.5, 38.2], [3.8600277103097658, 0.5, 46.5], [4.609991876267305, 0.2783539444208145, 99.5], [5.309669354884261, 0.2774495631456375, 201.3], [1.2188614168196867, 0.5, 2.4], [3.821733534080685, 0.5, 44.7], [2.4849066497880004, 0.2864508479833603, 11.0], [3.643707735467215, 0.15351849794387817, 37.2], [3.9868212155033325, 0.08141776919364929, 52.9], [4.998787608848541, 0.21271288394927979, 147.2], [3.738859386418957, 0.6909464299678802, 41.0], [4.26549281841793, 0.2203434407711029, 70.2], [3.7459684210980635, 0.5, 41.4], [4.4697322150929875, 0.11516058444976807, 86.3], [4.181795657336359, 0.5, 64.5], [2.819392788437584, 0.5, 15.8], [4.953123876781441, 0.2673678547143936, 140.6], [2.0237526358192475, 0.5, 6.6], [4.298871449374426, 0.5, 72.6], [3.680931284264762, 0.5, 38.7], [4.30496558853742, 0.5, 73.1], [3.926583156759476, 0.2982921898365021, 49.7], [4.601831284722577, 0.09144845604896545, 98.7], [3.1979926139517767, 0.5, 23.5], [2.128231705849268, 0.731542095541954, 7.4], [3.591817741270805, 0.09469661116600037, 35.3]]}